regime,method,shot,negative_shot,support_protocol,temperature,threshold,metric,mean,std
single_label,positive_prototype,1,1,balanced,0.1,nan,auroc,0.5753905375798544,0.0073884254102445975
single_label,positive_prototype,1,1,balanced,0.1,nan,auprc,0.3979588508605957,0.011559761020960485
single_label,positive_prototype,1,1,balanced,0.1,nan,macro_f1,0.3944068809350332,0.011113693721627526
single_label,positive_prototype,1,1,balanced,0.1,nan,accuracy,0.39573333263397215,0.010980786030041333
single_label,positive_prototype,1,1,balanced,0.1,nan,nll,1.1104767084121705,0.009155154509706357
single_label,positive_prototype,1,1,balanced,0.1,nan,calibration_error,0.0738280549645424,0.010121671231743007
single_label,global_negative_centroid,1,1,balanced,0.5,nan,auroc,0.5556453963120779,0.01021780439741024
single_label,global_negative_centroid,1,1,balanced,0.5,nan,auprc,0.3809747636318207,0.00850539919220217
single_label,global_negative_centroid,1,1,balanced,0.5,nan,macro_f1,0.38163206974665326,0.014898074175694899
single_label,global_negative_centroid,1,1,balanced,0.5,nan,accuracy,0.38226667046546936,0.015045120112453415
single_label,global_negative_centroid,1,1,balanced,0.5,nan,nll,1.1047733783721925,0.006806590458916708
single_label,global_negative_centroid,1,1,balanced,0.5,nan,calibration_error,0.05608776658773422,0.015398068025007526
single_label,random_residual,1,1,balanced,0.5,nan,auroc,0.5556453963120779,0.01021780439741024
single_label,random_residual,1,1,balanced,0.5,nan,auprc,0.3809747636318207,0.00850539919220217
single_label,random_residual,1,1,balanced,0.5,nan,macro_f1,0.38163206974665326,0.014898074175694899
single_label,random_residual,1,1,balanced,0.5,nan,accuracy,0.38226667046546936,0.015045120112453415
single_label,random_residual,1,1,balanced,0.5,nan,nll,1.1047733783721925,0.006806590458916708
single_label,random_residual,1,1,balanced,0.5,nan,calibration_error,0.05608776658773422,0.015398068025007526
single_label,metadata_matched_residual,1,1,balanced,0.5,nan,auroc,0.5556453963120779,0.01021780439741024
single_label,metadata_matched_residual,1,1,balanced,0.5,nan,auprc,0.3809747636318207,0.00850539919220217
single_label,metadata_matched_residual,1,1,balanced,0.5,nan,macro_f1,0.38163206974665326,0.014898074175694899
single_label,metadata_matched_residual,1,1,balanced,0.5,nan,accuracy,0.38226667046546936,0.015045120112453415
single_label,metadata_matched_residual,1,1,balanced,0.5,nan,nll,1.1047733783721925,0.006806590458916708
single_label,metadata_matched_residual,1,1,balanced,0.5,nan,calibration_error,0.05608776658773422,0.015398068025007526
single_label,full_embedding_matched_residual,1,1,balanced,0.5,nan,auroc,0.5556453963120779,0.01021780439741024
single_label,full_embedding_matched_residual,1,1,balanced,0.5,nan,auprc,0.3809747636318207,0.00850539919220217
single_label,full_embedding_matched_residual,1,1,balanced,0.5,nan,macro_f1,0.38163206974665326,0.014898074175694899
single_label,full_embedding_matched_residual,1,1,balanced,0.5,nan,accuracy,0.38226667046546936,0.015045120112453415
single_label,full_embedding_matched_residual,1,1,balanced,0.5,nan,nll,1.1047733783721925,0.006806590458916708
single_label,full_embedding_matched_residual,1,1,balanced,0.5,nan,calibration_error,0.05608776658773422,0.015398068025007526
single_label,anatomy_matched_residual,1,1,balanced,0.5,nan,auroc,0.5556453963120779,0.01021780439741024
single_label,anatomy_matched_residual,1,1,balanced,0.5,nan,auprc,0.3809747636318207,0.00850539919220217
single_label,anatomy_matched_residual,1,1,balanced,0.5,nan,macro_f1,0.38163206974665326,0.014898074175694899
single_label,anatomy_matched_residual,1,1,balanced,0.5,nan,accuracy,0.38226667046546936,0.015045120112453415
single_label,anatomy_matched_residual,1,1,balanced,0.5,nan,nll,1.1047733783721925,0.006806590458916708
single_label,anatomy_matched_residual,1,1,balanced,0.5,nan,calibration_error,0.05608776658773422,0.015398068025007526
single_label,shuffled_anatomy_match,1,1,balanced,0.5,nan,auroc,0.5556453963120779,0.01021780439741024
single_label,shuffled_anatomy_match,1,1,balanced,0.5,nan,auprc,0.3809747636318207,0.00850539919220217
single_label,shuffled_anatomy_match,1,1,balanced,0.5,nan,macro_f1,0.38163206974665326,0.014898074175694899
single_label,shuffled_anatomy_match,1,1,balanced,0.5,nan,accuracy,0.38226667046546936,0.015045120112453415
single_label,shuffled_anatomy_match,1,1,balanced,0.5,nan,nll,1.1047733783721925,0.006806590458916708
single_label,shuffled_anatomy_match,1,1,balanced,0.5,nan,calibration_error,0.05608776658773422,0.015398068025007526
single_label,positive_prototype,1,20,abundant_controls,0.1,nan,auroc,0.5753905375798544,0.0073884254102445975
single_label,positive_prototype,1,20,abundant_controls,0.1,nan,auprc,0.3979588508605957,0.011559761020960485
single_label,positive_prototype,1,20,abundant_controls,0.1,nan,macro_f1,0.3944068809350332,0.011113693721627526
single_label,positive_prototype,1,20,abundant_controls,0.1,nan,accuracy,0.39573333263397215,0.010980786030041333
single_label,positive_prototype,1,20,abundant_controls,0.1,nan,nll,1.1104767084121705,0.009155154509706357
single_label,positive_prototype,1,20,abundant_controls,0.1,nan,calibration_error,0.0738280549645424,0.010121671231743007
single_label,global_negative_centroid,1,20,abundant_controls,0.5,nan,auroc,0.5907621304194133,0.00841773172396256
single_label,global_negative_centroid,1,20,abundant_controls,0.5,nan,auprc,0.40616199175516765,0.012216645734451456
single_label,global_negative_centroid,1,20,abundant_controls,0.5,nan,macro_f1,0.4082936724026998,0.01103695805155744
single_label,global_negative_centroid,1,20,abundant_controls,0.5,nan,accuracy,0.4087999999523163,0.01160843480740077
single_label,global_negative_centroid,1,20,abundant_controls,0.5,nan,nll,1.0918563604354858,0.007935809910343235
single_label,global_negative_centroid,1,20,abundant_controls,0.5,nan,calibration_error,0.07085442543029785,0.008378781227630232
single_label,random_residual,1,20,abundant_controls,1.0,nan,auroc,0.5398691912492116,0.007468788606157696
single_label,random_residual,1,20,abundant_controls,1.0,nan,auprc,0.37748218576113385,0.01124215894031444
single_label,random_residual,1,20,abundant_controls,1.0,nan,macro_f1,0.36994922359784443,0.005307152191555911
single_label,random_residual,1,20,abundant_controls,1.0,nan,accuracy,0.3702666640281677,0.005133767782657557
single_label,random_residual,1,20,abundant_controls,1.0,nan,nll,1.0976644515991212,0.003548851184156679
single_label,random_residual,1,20,abundant_controls,1.0,nan,calibration_error,0.02975907698273659,0.004805186743985125
single_label,metadata_matched_residual,1,20,abundant_controls,0.5,nan,auroc,0.5565993388493856,0.009260083093110204
single_label,metadata_matched_residual,1,20,abundant_controls,0.5,nan,auprc,0.37973978320757545,0.011943169563521419
single_label,metadata_matched_residual,1,20,abundant_controls,0.5,nan,macro_f1,0.3791756391525269,0.011260662199132045
single_label,metadata_matched_residual,1,20,abundant_controls,0.5,nan,accuracy,0.3795999944210052,0.011893973860688342
single_label,metadata_matched_residual,1,20,abundant_controls,0.5,nan,nll,1.1166706800460815,0.007767529220556941
single_label,metadata_matched_residual,1,20,abundant_controls,0.5,nan,calibration_error,0.0905505284667015,0.011577056412767078
single_label,full_embedding_matched_residual,1,20,abundant_controls,0.5,nan,auroc,0.57682812611262,0.010965447819230792
single_label,full_embedding_matched_residual,1,20,abundant_controls,0.5,nan,auprc,0.39531347155570984,0.013955753312584368
single_label,full_embedding_matched_residual,1,20,abundant_controls,0.5,nan,macro_f1,0.3949551939964294,0.012854914135165145
single_label,full_embedding_matched_residual,1,20,abundant_controls,0.5,nan,accuracy,0.39533333778381347,0.013408121233819499
single_label,full_embedding_matched_residual,1,20,abundant_controls,0.5,nan,nll,1.097377324104309,0.008453831852136263
single_label,full_embedding_matched_residual,1,20,abundant_controls,0.5,nan,calibration_error,0.06789668276906013,0.01185401952518889
single_label,anatomy_matched_residual,1,20,abundant_controls,0.5,nan,auroc,0.584041404724121,0.010046887979368554
single_label,anatomy_matched_residual,1,20,abundant_controls,0.5,nan,auprc,0.40080034732818604,0.013154822315994616
single_label,anatomy_matched_residual,1,20,abundant_controls,0.5,nan,macro_f1,0.3987091223398844,0.010936303060598207
single_label,anatomy_matched_residual,1,20,abundant_controls,0.5,nan,accuracy,0.3990666627883911,0.01142705661558906
single_label,anatomy_matched_residual,1,20,abundant_controls,0.5,nan,nll,1.0986539363861083,0.008842063650819866
single_label,anatomy_matched_residual,1,20,abundant_controls,0.5,nan,calibration_error,0.08015358448028564,0.009947526183548406
single_label,shuffled_anatomy_match,1,20,abundant_controls,0.5,nan,auroc,0.5903021335601807,0.00782213047514398
single_label,shuffled_anatomy_match,1,20,abundant_controls,0.5,nan,auprc,0.40635879834493,0.011909791456451055
single_label,shuffled_anatomy_match,1,20,abundant_controls,0.5,nan,macro_f1,0.40766992171605426,0.009986592670273537
single_label,shuffled_anatomy_match,1,20,abundant_controls,0.5,nan,accuracy,0.408266669511795,0.010473250806966128
single_label,shuffled_anatomy_match,1,20,abundant_controls,0.5,nan,nll,1.092376208305359,0.0076850499808502155
single_label,shuffled_anatomy_match,1,20,abundant_controls,0.5,nan,calibration_error,0.07086400836706161,0.0068976289999784
single_label,positive_prototype,3,3,balanced,0.05,nan,auroc,0.6325234611829122,0.002902015859664926
single_label,positive_prototype,3,3,balanced,0.05,nan,auprc,0.44987759391466775,0.0067508772333885435
single_label,positive_prototype,3,3,balanced,0.05,nan,macro_f1,0.4470702111721039,0.00718076331043965
single_label,positive_prototype,3,3,balanced,0.05,nan,accuracy,0.4491999983787537,0.0076361650701278596
single_label,positive_prototype,3,3,balanced,0.05,nan,nll,1.0595285654067994,0.00363028812841375
single_label,positive_prototype,3,3,balanced,0.05,nan,calibration_error,0.04720652103424072,0.006125297041764138
single_label,global_negative_centroid,3,3,balanced,0.5,nan,auroc,0.601691198348999,0.005985730047237187
single_label,global_negative_centroid,3,3,balanced,0.5,nan,auprc,0.4215262989203135,0.0058332289282290156
single_label,global_negative_centroid,3,3,balanced,0.5,nan,macro_f1,0.4197468161582947,0.005572415806511694
single_label,global_negative_centroid,3,3,balanced,0.5,nan,accuracy,0.42080000042915344,0.005505559338780779
single_label,global_negative_centroid,3,3,balanced,0.5,nan,nll,1.0728943586349486,0.00571827407005645
single_label,global_negative_centroid,3,3,balanced,0.5,nan,calibration_error,0.03583414554595947,0.005607743432073746
single_label,random_residual,3,3,balanced,0.5,nan,auroc,0.5696967363357544,0.013521573685906077
single_label,random_residual,3,3,balanced,0.5,nan,auprc,0.3929524838924408,0.009091881434639723
single_label,random_residual,3,3,balanced,0.5,nan,macro_f1,0.39034024477005,0.013264484607137268
single_label,random_residual,3,3,balanced,0.5,nan,accuracy,0.3909333348274231,0.013487450067640605
single_label,random_residual,3,3,balanced,0.5,nan,nll,1.106127715110779,0.010990996834966125
single_label,random_residual,3,3,balanced,0.5,nan,calibration_error,0.07738185822963714,0.01213581701079086
single_label,metadata_matched_residual,3,3,balanced,0.5,nan,auroc,0.5722976048787435,0.007081864872486166
single_label,metadata_matched_residual,3,3,balanced,0.5,nan,auprc,0.3926151315371195,0.005538379429508475
single_label,metadata_matched_residual,3,3,balanced,0.5,nan,macro_f1,0.39157547752062477,0.004728522890416912
single_label,metadata_matched_residual,3,3,balanced,0.5,nan,accuracy,0.39226666688919065,0.0043358963001647495
single_label,metadata_matched_residual,3,3,balanced,0.5,nan,nll,1.1155109405517578,0.008950614697602013
single_label,metadata_matched_residual,3,3,balanced,0.5,nan,calibration_error,0.0940906822681427,0.004617714192912433
single_label,full_embedding_matched_residual,3,3,balanced,0.5,nan,auroc,0.5902140657107036,0.008164921375680608
single_label,full_embedding_matched_residual,3,3,balanced,0.5,nan,auprc,0.4107057551542918,0.0063412503379849435
single_label,full_embedding_matched_residual,3,3,balanced,0.5,nan,macro_f1,0.41145647565523785,0.011928935079333892
single_label,full_embedding_matched_residual,3,3,balanced,0.5,nan,accuracy,0.41266666650772094,0.011411493785072486
single_label,full_embedding_matched_residual,3,3,balanced,0.5,nan,nll,1.081160831451416,0.006194651033436285
single_label,full_embedding_matched_residual,3,3,balanced,0.5,nan,calibration_error,0.04345893710851669,0.0067745762342928915
single_label,anatomy_matched_residual,3,3,balanced,0.5,nan,auroc,0.595333993434906,0.007718552674685065
single_label,anatomy_matched_residual,3,3,balanced,0.5,nan,auprc,0.4148908297220866,0.006287241044063468
single_label,anatomy_matched_residual,3,3,balanced,0.5,nan,macro_f1,0.4179971019426982,0.008951765524186533
single_label,anatomy_matched_residual,3,3,balanced,0.5,nan,accuracy,0.4190666675567627,0.008545299953197971
single_label,anatomy_matched_residual,3,3,balanced,0.5,nan,nll,1.0782747268676758,0.006467767733028665
single_label,anatomy_matched_residual,3,3,balanced,0.5,nan,calibration_error,0.040902552753686906,0.00542750373781698
single_label,shuffled_anatomy_match,3,3,balanced,0.5,nan,auroc,0.6029001990954082,0.005911819452535449
single_label,shuffled_anatomy_match,3,3,balanced,0.5,nan,auprc,0.4233149449030558,0.0071068914076448265
single_label,shuffled_anatomy_match,3,3,balanced,0.5,nan,macro_f1,0.41815722982088727,0.009376104784567366
single_label,shuffled_anatomy_match,3,3,balanced,0.5,nan,accuracy,0.4190666675567627,0.009528900504784265
single_label,shuffled_anatomy_match,3,3,balanced,0.5,nan,nll,1.072232460975647,0.006165644159226901
single_label,shuffled_anatomy_match,3,3,balanced,0.5,nan,calibration_error,0.03958784937858582,0.01077510179298558
single_label,positive_prototype,3,20,abundant_controls,0.05,nan,auroc,0.6325234611829122,0.002902015859664926
single_label,positive_prototype,3,20,abundant_controls,0.05,nan,auprc,0.44987759391466775,0.0067508772333885435
single_label,positive_prototype,3,20,abundant_controls,0.05,nan,macro_f1,0.4470702111721039,0.00718076331043965
single_label,positive_prototype,3,20,abundant_controls,0.05,nan,accuracy,0.4491999983787537,0.0076361650701278596
single_label,positive_prototype,3,20,abundant_controls,0.05,nan,nll,1.0595285654067994,0.00363028812841375
single_label,positive_prototype,3,20,abundant_controls,0.05,nan,calibration_error,0.04720652103424072,0.006125297041764138
single_label,global_negative_centroid,3,20,abundant_controls,0.5,nan,auroc,0.6302902619043986,0.0012211868048163932
single_label,global_negative_centroid,3,20,abundant_controls,0.5,nan,auprc,0.4436513920625051,0.0032393931022167348
single_label,global_negative_centroid,3,20,abundant_controls,0.5,nan,macro_f1,0.440168168147405,0.006445752795655654
single_label,global_negative_centroid,3,20,abundant_controls,0.5,nan,accuracy,0.4433333337306976,0.005676463708701182
single_label,global_negative_centroid,3,20,abundant_controls,0.5,nan,nll,1.0532172918319702,0.0020612491441564396
single_label,global_negative_centroid,3,20,abundant_controls,0.5,nan,calibration_error,0.03978482335805893,0.002859373980012451
single_label,random_residual,3,20,abundant_controls,0.5,nan,auroc,0.5696967363357544,0.013521573685906077
single_label,random_residual,3,20,abundant_controls,0.5,nan,auprc,0.3929524838924408,0.009091881434639723
single_label,random_residual,3,20,abundant_controls,0.5,nan,macro_f1,0.39034024477005,0.013264484607137268
single_label,random_residual,3,20,abundant_controls,0.5,nan,accuracy,0.3909333348274231,0.013487450067640605
single_label,random_residual,3,20,abundant_controls,0.5,nan,nll,1.106127715110779,0.010990996834966125
single_label,random_residual,3,20,abundant_controls,0.5,nan,calibration_error,0.07738185822963714,0.01213581701079086
single_label,metadata_matched_residual,3,20,abundant_controls,0.5,nan,auroc,0.5904352029164632,0.005205919380344593
single_label,metadata_matched_residual,3,20,abundant_controls,0.5,nan,auprc,0.407486891746521,0.005238793642985242
single_label,metadata_matched_residual,3,20,abundant_controls,0.5,nan,macro_f1,0.4032026708126068,0.004634704863170266
single_label,metadata_matched_residual,3,20,abundant_controls,0.5,nan,accuracy,0.40453333258628843,0.004723462034370958
single_label,metadata_matched_residual,3,20,abundant_controls,0.5,nan,nll,1.0875073671340942,0.005916683529259487
single_label,metadata_matched_residual,3,20,abundant_controls,0.5,nan,calibration_error,0.0651428259909153,0.004414299824209514
single_label,full_embedding_matched_residual,3,20,abundant_controls,0.5,nan,auroc,0.6138238708178202,0.0018728640847331594
single_label,full_embedding_matched_residual,3,20,abundant_controls,0.5,nan,auprc,0.42973810036977134,0.004538763737322717
single_label,full_embedding_matched_residual,3,20,abundant_controls,0.5,nan,macro_f1,0.4289991478125254,0.0067525291566615225
single_label,full_embedding_matched_residual,3,20,abundant_controls,0.5,nan,accuracy,0.43079999685287473,0.006689958809242206
single_label,full_embedding_matched_residual,3,20,abundant_controls,0.5,nan,nll,1.0653513669967651,0.002088551005539854
single_label,full_embedding_matched_residual,3,20,abundant_controls,0.5,nan,calibration_error,0.037820751592516896,0.006208912834354899
single_label,anatomy_matched_residual,3,20,abundant_controls,0.5,nan,auroc,0.6234960039456685,0.0015175824337259928
single_label,anatomy_matched_residual,3,20,abundant_controls,0.5,nan,auprc,0.4381090521812439,0.003848830752851287
single_label,anatomy_matched_residual,3,20,abundant_controls,0.5,nan,macro_f1,0.43555248181025186,0.006328528353459893
single_label,anatomy_matched_residual,3,20,abundant_controls,0.5,nan,accuracy,0.438266658782959,0.006335090749334942
single_label,anatomy_matched_residual,3,20,abundant_controls,0.5,nan,nll,1.0601226329803466,0.0015518841438997995
single_label,anatomy_matched_residual,3,20,abundant_controls,0.5,nan,calibration_error,0.04663006216287613,0.0017080127946103906
single_label,shuffled_anatomy_match,3,20,abundant_controls,0.5,nan,auroc,0.6288174668947856,0.0015942940230854357
single_label,shuffled_anatomy_match,3,20,abundant_controls,0.5,nan,auprc,0.4431490361690521,0.0031080597984646284
single_label,shuffled_anatomy_match,3,20,abundant_controls,0.5,nan,macro_f1,0.4369832932949066,0.006875950848332868
single_label,shuffled_anatomy_match,3,20,abundant_controls,0.5,nan,accuracy,0.4398666679859161,0.0072018446903679405
single_label,shuffled_anatomy_match,3,20,abundant_controls,0.5,nan,nll,1.0546940565109253,0.0025397191454309925
single_label,shuffled_anatomy_match,3,20,abundant_controls,0.5,nan,calibration_error,0.04285937920212746,0.005618553237796356
single_label,positive_prototype,5,5,balanced,0.05,nan,auroc,0.6565159996350606,0.006014799476957728
single_label,positive_prototype,5,5,balanced,0.05,nan,auprc,0.4712635934352875,0.011422756563025141
single_label,positive_prototype,5,5,balanced,0.05,nan,macro_f1,0.46065436402956644,0.005667652775088212
single_label,positive_prototype,5,5,balanced,0.05,nan,accuracy,0.46320000290870667,0.004953113107437341
single_label,positive_prototype,5,5,balanced,0.05,nan,nll,1.0245498418807983,0.006554753611511145
single_label,positive_prototype,5,5,balanced,0.05,nan,calibration_error,0.020135710947215557,0.005059565904158883
single_label,global_negative_centroid,5,5,balanced,0.2,nan,auroc,0.6198049267133077,0.007783849818134988
single_label,global_negative_centroid,5,5,balanced,0.2,nan,auprc,0.4337911784648895,0.009684486550722727
single_label,global_negative_centroid,5,5,balanced,0.2,nan,macro_f1,0.43374581933021544,0.009021061090672775
single_label,global_negative_centroid,5,5,balanced,0.2,nan,accuracy,0.43573333621025084,0.007783168679077389
single_label,global_negative_centroid,5,5,balanced,0.2,nan,nll,1.2025644779205322,0.015601703060632731
single_label,global_negative_centroid,5,5,balanced,0.2,nan,calibration_error,0.18813900649547577,0.009772416945055715
single_label,random_residual,5,5,balanced,0.5,nan,auroc,0.5852380673090617,0.007918435016231504
single_label,random_residual,5,5,balanced,0.5,nan,auprc,0.40457094510396324,0.009750455014673443
single_label,random_residual,5,5,balanced,0.5,nan,macro_f1,0.4071344077587128,0.011009479560675873
single_label,random_residual,5,5,balanced,0.5,nan,accuracy,0.40799999237060547,0.01074967413908842
single_label,random_residual,5,5,balanced,0.5,nan,nll,1.09362735748291,0.007887751474006504
single_label,random_residual,5,5,balanced,0.5,nan,calibration_error,0.06493926793336868,0.008656200137222925
single_label,metadata_matched_residual,5,5,balanced,0.5,nan,auroc,0.5792430698871612,0.010177599797740381
single_label,metadata_matched_residual,5,5,balanced,0.5,nan,auprc,0.39775198499361675,0.006351301355706937
single_label,metadata_matched_residual,5,5,balanced,0.5,nan,macro_f1,0.3984632094701131,0.01665439208139272
single_label,metadata_matched_residual,5,5,balanced,0.5,nan,accuracy,0.3990666687488556,0.016462754515421597
single_label,metadata_matched_residual,5,5,balanced,0.5,nan,nll,1.1051423311233521,0.007998045928991839
single_label,metadata_matched_residual,5,5,balanced,0.5,nan,calibration_error,0.08571509271860123,0.01138350779182261
single_label,full_embedding_matched_residual,5,5,balanced,0.2,nan,auroc,0.6039177278677622,0.008700330441899402
single_label,full_embedding_matched_residual,5,5,balanced,0.2,nan,auprc,0.4224421004454295,0.010388392000066722
single_label,full_embedding_matched_residual,5,5,balanced,0.2,nan,macro_f1,0.42335615555445355,0.009266203899811252
single_label,full_embedding_matched_residual,5,5,balanced,0.2,nan,accuracy,0.4245333313941956,0.008911915998750148
single_label,full_embedding_matched_residual,5,5,balanced,0.2,nan,nll,1.2157238483428956,0.013875383987278516
single_label,full_embedding_matched_residual,5,5,balanced,0.2,nan,calibration_error,0.18846309781074524,0.006981765151910617
single_label,anatomy_matched_residual,5,5,balanced,0.2,nan,auroc,0.6112661361694336,0.008683395912470573
single_label,anatomy_matched_residual,5,5,balanced,0.2,nan,auprc,0.42802040378252665,0.011014278227517223
single_label,anatomy_matched_residual,5,5,balanced,0.2,nan,macro_f1,0.4290982186794281,0.005978517016149717
single_label,anatomy_matched_residual,5,5,balanced,0.2,nan,accuracy,0.43079999685287473,0.006555744837693217
single_label,anatomy_matched_residual,5,5,balanced,0.2,nan,nll,1.222379732131958,0.015292293733662067
single_label,anatomy_matched_residual,5,5,balanced,0.2,nan,calibration_error,0.1938413679599762,0.0067012782495676874
single_label,shuffled_anatomy_match,5,5,balanced,0.2,nan,auroc,0.6177774012088776,0.007588193718924031
single_label,shuffled_anatomy_match,5,5,balanced,0.2,nan,auprc,0.43262447516123453,0.010220794670647007
single_label,shuffled_anatomy_match,5,5,balanced,0.2,nan,macro_f1,0.4335902949174245,0.005918849746148324
single_label,shuffled_anatomy_match,5,5,balanced,0.2,nan,accuracy,0.43546666502952575,0.005857563896994965
single_label,shuffled_anatomy_match,5,5,balanced,0.2,nan,nll,1.2073998689651488,0.01365409167468884
single_label,shuffled_anatomy_match,5,5,balanced,0.2,nan,calibration_error,0.1880941390991211,0.006444753912556155
single_label,positive_prototype,5,20,abundant_controls,0.05,nan,auroc,0.6565159996350606,0.006014799476957728
single_label,positive_prototype,5,20,abundant_controls,0.05,nan,auprc,0.4712635934352875,0.011422756563025141
single_label,positive_prototype,5,20,abundant_controls,0.05,nan,macro_f1,0.46065436402956644,0.005667652775088212
single_label,positive_prototype,5,20,abundant_controls,0.05,nan,accuracy,0.46320000290870667,0.004953113107437341
single_label,positive_prototype,5,20,abundant_controls,0.05,nan,nll,1.0245498418807983,0.006554753611511145
single_label,positive_prototype,5,20,abundant_controls,0.05,nan,calibration_error,0.020135710947215557,0.005059565904158883
single_label,global_negative_centroid,5,20,abundant_controls,0.2,nan,auroc,0.6419791976610819,0.003960826226259753
single_label,global_negative_centroid,5,20,abundant_controls,0.2,nan,auprc,0.45371534625689186,0.007589197657328804
single_label,global_negative_centroid,5,20,abundant_controls,0.2,nan,macro_f1,0.45286477406819664,0.006519729162060491
single_label,global_negative_centroid,5,20,abundant_controls,0.2,nan,accuracy,0.45693333745002745,0.005469104908409793
single_label,global_negative_centroid,5,20,abundant_controls,0.2,nan,nll,1.1957707405090332,0.012477163633084425
single_label,global_negative_centroid,5,20,abundant_controls,0.2,nan,calibration_error,0.1979221761226654,0.007732328878191901
single_label,random_residual,5,20,abundant_controls,0.5,nan,auroc,0.5852380673090617,0.007918435016231504
single_label,random_residual,5,20,abundant_controls,0.5,nan,auprc,0.40457094510396324,0.009750455014673443
single_label,random_residual,5,20,abundant_controls,0.5,nan,macro_f1,0.4071344077587128,0.011009479560675873
single_label,random_residual,5,20,abundant_controls,0.5,nan,accuracy,0.40799999237060547,0.01074967413908842
single_label,random_residual,5,20,abundant_controls,0.5,nan,nll,1.09362735748291,0.007887751474006504
single_label,random_residual,5,20,abundant_controls,0.5,nan,calibration_error,0.06493926793336868,0.008656200137222925
single_label,metadata_matched_residual,5,20,abundant_controls,0.5,nan,auroc,0.6042615254720052,0.006905006549611175
single_label,metadata_matched_residual,5,20,abundant_controls,0.5,nan,auprc,0.41953757405281067,0.0070745590687674685
single_label,metadata_matched_residual,5,20,abundant_controls,0.5,nan,macro_f1,0.41617464621861777,0.008126052073931649
single_label,metadata_matched_residual,5,20,abundant_controls,0.5,nan,accuracy,0.4184000015258789,0.008826728395556798
single_label,metadata_matched_residual,5,20,abundant_controls,0.5,nan,nll,1.0749867916107179,0.006773145024985008
single_label,metadata_matched_residual,5,20,abundant_controls,0.5,nan,calibration_error,0.05393811240792275,0.009181651277228071
single_label,full_embedding_matched_residual,5,20,abundant_controls,0.2,nan,auroc,0.6241767982641856,0.0039475515202016176
single_label,full_embedding_matched_residual,5,20,abundant_controls,0.2,nan,auprc,0.43883824745814004,0.006977171022804268
single_label,full_embedding_matched_residual,5,20,abundant_controls,0.2,nan,macro_f1,0.43150608936945595,0.0033049230732871623
single_label,full_embedding_matched_residual,5,20,abundant_controls,0.2,nan,accuracy,0.43426666259765623,0.00369984481475517
single_label,full_embedding_matched_residual,5,20,abundant_controls,0.2,nan,nll,1.1987380504608154,0.010262103431823055
single_label,full_embedding_matched_residual,5,20,abundant_controls,0.2,nan,calibration_error,0.19924385249614715,0.0036092482893364712
single_label,anatomy_matched_residual,5,20,abundant_controls,0.2,nan,auroc,0.6349253296852112,0.003940532032095705
single_label,anatomy_matched_residual,5,20,abundant_controls,0.2,nan,auprc,0.448042364915212,0.007126865895510895
single_label,anatomy_matched_residual,5,20,abundant_controls,0.2,nan,macro_f1,0.44532833298047386,0.002994026338805852
single_label,anatomy_matched_residual,5,20,abundant_controls,0.2,nan,accuracy,0.4490666687488556,0.002431277966898459
single_label,anatomy_matched_residual,5,20,abundant_controls,0.2,nan,nll,1.2213653802871705,0.011748886102991752
single_label,anatomy_matched_residual,5,20,abundant_controls,0.2,nan,calibration_error,0.20957373678684235,0.00398731508500267
single_label,shuffled_anatomy_match,5,20,abundant_controls,0.2,nan,auroc,0.6401625335216522,0.004592388768802811
single_label,shuffled_anatomy_match,5,20,abundant_controls,0.2,nan,auprc,0.4527081251144409,0.007686274030947056
single_label,shuffled_anatomy_match,5,20,abundant_controls,0.2,nan,macro_f1,0.4503937602043152,0.005348954477007441
single_label,shuffled_anatomy_match,5,20,abundant_controls,0.2,nan,accuracy,0.45453333854675293,0.004432207553664708
single_label,shuffled_anatomy_match,5,20,abundant_controls,0.2,nan,nll,1.1989042997360229,0.013160695936905234
single_label,shuffled_anatomy_match,5,20,abundant_controls,0.2,nan,calibration_error,0.197369584441185,0.007429501506703858
multi_label,positive_prototype,1,1,balanced,10.0,0.1,auroc,0.5368596315383911,0.008746334312677387
multi_label,positive_prototype,1,1,balanced,10.0,0.1,auprc,0.2840230196714401,0.004685265074010102
multi_label,positive_prototype,1,1,balanced,10.0,0.1,macro_f1,0.410408357779185,0.002894024159442271
multi_label,positive_prototype,1,1,balanced,10.0,0.1,accuracy,0.2606000006198883,0.0024019012630695897
multi_label,positive_prototype,1,1,balanced,10.0,0.1,nll,0.7137663245201111,0.00016447517730863563
multi_label,positive_prototype,1,1,balanced,10.0,0.1,calibration_error,0.26016250252723694,0.002369023874860612
multi_label,global_negative_centroid,1,1,balanced,10.0,0.5,auroc,0.5267268856366475,0.005775699380264722
multi_label,global_negative_centroid,1,1,balanced,10.0,0.5,auprc,0.27956554194291433,0.004349880468370678
multi_label,global_negative_centroid,1,1,balanced,10.0,0.5,macro_f1,0.4099645733833313,0.002985797266981515
multi_label,global_negative_centroid,1,1,balanced,10.0,0.5,accuracy,0.265711110830307,0.0020795864275672303
multi_label,global_negative_centroid,1,1,balanced,10.0,0.5,nll,0.7049492597579956,6.553536791753078e-05
multi_label,global_negative_centroid,1,1,balanced,10.0,0.5,calibration_error,0.251664274930954,0.002296985377125819
multi_label,random_residual,1,1,balanced,10.0,0.5,auroc,0.5267268856366475,0.005775699380264722
multi_label,random_residual,1,1,balanced,10.0,0.5,auprc,0.27956554194291433,0.004349880468370678
multi_label,random_residual,1,1,balanced,10.0,0.5,macro_f1,0.4099645733833313,0.002985797266981515
multi_label,random_residual,1,1,balanced,10.0,0.5,accuracy,0.265711110830307,0.0020795864275672303
multi_label,random_residual,1,1,balanced,10.0,0.5,nll,0.7049492597579956,6.553536791753078e-05
multi_label,random_residual,1,1,balanced,10.0,0.5,calibration_error,0.251664274930954,0.002296985377125819
multi_label,metadata_matched_residual,1,1,balanced,10.0,0.5,auroc,0.5267268856366475,0.005775699380264722
multi_label,metadata_matched_residual,1,1,balanced,10.0,0.5,auprc,0.27956554194291433,0.004349880468370678
multi_label,metadata_matched_residual,1,1,balanced,10.0,0.5,macro_f1,0.4099645733833313,0.002985797266981515
multi_label,metadata_matched_residual,1,1,balanced,10.0,0.5,accuracy,0.265711110830307,0.0020795864275672303
multi_label,metadata_matched_residual,1,1,balanced,10.0,0.5,nll,0.7049492597579956,6.553536791753078e-05
multi_label,metadata_matched_residual,1,1,balanced,10.0,0.5,calibration_error,0.251664274930954,0.002296985377125819
multi_label,full_embedding_matched_residual,1,1,balanced,10.0,0.5,auroc,0.5267268856366475,0.005775699380264722
multi_label,full_embedding_matched_residual,1,1,balanced,10.0,0.5,auprc,0.27956554194291433,0.004349880468370678
multi_label,full_embedding_matched_residual,1,1,balanced,10.0,0.5,macro_f1,0.4099645733833313,0.002985797266981515
multi_label,full_embedding_matched_residual,1,1,balanced,10.0,0.5,accuracy,0.265711110830307,0.0020795864275672303
multi_label,full_embedding_matched_residual,1,1,balanced,10.0,0.5,nll,0.7049492597579956,6.553536791753078e-05
multi_label,full_embedding_matched_residual,1,1,balanced,10.0,0.5,calibration_error,0.251664274930954,0.002296985377125819
multi_label,anatomy_matched_residual,1,1,balanced,10.0,0.5,auroc,0.5267268856366475,0.005775699380264722
multi_label,anatomy_matched_residual,1,1,balanced,10.0,0.5,auprc,0.27956554194291433,0.004349880468370678
multi_label,anatomy_matched_residual,1,1,balanced,10.0,0.5,macro_f1,0.4099645733833313,0.002985797266981515
multi_label,anatomy_matched_residual,1,1,balanced,10.0,0.5,accuracy,0.265711110830307,0.0020795864275672303
multi_label,anatomy_matched_residual,1,1,balanced,10.0,0.5,nll,0.7049492597579956,6.553536791753078e-05
multi_label,anatomy_matched_residual,1,1,balanced,10.0,0.5,calibration_error,0.251664274930954,0.002296985377125819
multi_label,shuffled_anatomy_match,1,1,balanced,10.0,0.5,auroc,0.5267268856366475,0.005775699380264722
multi_label,shuffled_anatomy_match,1,1,balanced,10.0,0.5,auprc,0.27956554194291433,0.004349880468370678
multi_label,shuffled_anatomy_match,1,1,balanced,10.0,0.5,macro_f1,0.4099645733833313,0.002985797266981515
multi_label,shuffled_anatomy_match,1,1,balanced,10.0,0.5,accuracy,0.265711110830307,0.0020795864275672303
multi_label,shuffled_anatomy_match,1,1,balanced,10.0,0.5,nll,0.7049492597579956,6.553536791753078e-05
multi_label,shuffled_anatomy_match,1,1,balanced,10.0,0.5,calibration_error,0.251664274930954,0.002296985377125819
multi_label,positive_prototype,1,20,abundant_controls,10.0,0.1,auroc,0.5368596315383911,0.008746334312677387
multi_label,positive_prototype,1,20,abundant_controls,10.0,0.1,auprc,0.2840230196714401,0.004685265074010102
multi_label,positive_prototype,1,20,abundant_controls,10.0,0.1,macro_f1,0.410408357779185,0.002894024159442271
multi_label,positive_prototype,1,20,abundant_controls,10.0,0.1,accuracy,0.2606000006198883,0.0024019012630695897
multi_label,positive_prototype,1,20,abundant_controls,10.0,0.1,nll,0.7137663245201111,0.00016447517730863563
multi_label,positive_prototype,1,20,abundant_controls,10.0,0.1,calibration_error,0.26016250252723694,0.002369023874860612
multi_label,global_negative_centroid,1,20,abundant_controls,10.0,0.5,auroc,0.5406674305597942,0.007511583733670938
multi_label,global_negative_centroid,1,20,abundant_controls,10.0,0.5,auprc,0.28662432233492535,0.003927826457112472
multi_label,global_negative_centroid,1,20,abundant_controls,10.0,0.5,macro_f1,0.3785505175590515,0.0049338653899880245
multi_label,global_negative_centroid,1,20,abundant_controls,10.0,0.5,accuracy,0.49002222418785096,0.007058139482485183
multi_label,global_negative_centroid,1,20,abundant_controls,10.0,0.5,nll,0.693843686580658,0.00014871648888827458
multi_label,global_negative_centroid,1,20,abundant_controls,10.0,0.5,calibration_error,0.2407291352748871,0.002375845130580098
multi_label,random_residual,1,20,abundant_controls,10.0,0.5,auroc,0.5394670188426971,0.006369160043187701
multi_label,random_residual,1,20,abundant_controls,10.0,0.5,auprc,0.36418700218200684,0.005945572419499541
multi_label,random_residual,1,20,abundant_controls,10.0,0.5,macro_f1,0.37995503743489584,0.006160443686580645
multi_label,random_residual,1,20,abundant_controls,10.0,0.5,accuracy,0.48006666302680967,0.003472645131029909
multi_label,random_residual,1,20,abundant_controls,10.0,0.5,nll,0.6943679094314575,0.0001242553899624226
multi_label,random_residual,1,20,abundant_controls,10.0,0.5,calibration_error,0.2414828360080719,0.002374448996254322
multi_label,metadata_matched_residual,1,20,abundant_controls,10.0,0.5,auroc,0.5264192740122478,0.004941772973239692
multi_label,metadata_matched_residual,1,20,abundant_controls,10.0,0.5,auprc,0.2784580330053965,0.003254963969678649
multi_label,metadata_matched_residual,1,20,abundant_controls,10.0,0.5,macro_f1,0.3720377544562022,0.005970523311185054
multi_label,metadata_matched_residual,1,20,abundant_controls,10.0,0.5,accuracy,0.47931110858917236,0.003400617016471729
multi_label,metadata_matched_residual,1,20,abundant_controls,10.0,0.5,nll,0.694087827205658,9.48055073950976e-05
multi_label,metadata_matched_residual,1,20,abundant_controls,10.0,0.5,calibration_error,0.24073390364646913,0.0023912844367948573
multi_label,full_embedding_matched_residual,1,20,abundant_controls,10.0,0.5,auroc,0.5340191125869751,0.006235370794610003
multi_label,full_embedding_matched_residual,1,20,abundant_controls,10.0,0.5,auprc,0.2831657578547796,0.003720825479205911
multi_label,full_embedding_matched_residual,1,20,abundant_controls,10.0,0.5,macro_f1,0.375765989224116,0.004769328044784645
multi_label,full_embedding_matched_residual,1,20,abundant_controls,10.0,0.5,accuracy,0.4834666669368744,0.007273493837418065
multi_label,full_embedding_matched_residual,1,20,abundant_controls,10.0,0.5,nll,0.6939699292182923,0.0001234733242432052
multi_label,full_embedding_matched_residual,1,20,abundant_controls,10.0,0.5,calibration_error,0.2407034695148468,0.002369948417250656
multi_label,anatomy_matched_residual,1,20,abundant_controls,10.0,0.5,auroc,0.5374730467796326,0.00666436231003815
multi_label,anatomy_matched_residual,1,20,abundant_controls,10.0,0.5,auprc,0.2850537419319153,0.0038539531832131745
multi_label,anatomy_matched_residual,1,20,abundant_controls,10.0,0.5,macro_f1,0.37684340476989747,0.005032781558724381
multi_label,anatomy_matched_residual,1,20,abundant_controls,10.0,0.5,accuracy,0.4891777753829956,0.006703876204798559
multi_label,anatomy_matched_residual,1,20,abundant_controls,10.0,0.5,nll,0.6939033031463623,0.00014622918545829198
multi_label,anatomy_matched_residual,1,20,abundant_controls,10.0,0.5,calibration_error,0.24073997139930725,0.0023696809318589428
multi_label,shuffled_anatomy_match,1,20,abundant_controls,10.0,0.5,auroc,0.540135633945465,0.0073521255944190055
multi_label,shuffled_anatomy_match,1,20,abundant_controls,10.0,0.5,auprc,0.28609406252702074,0.0036941825571750165
multi_label,shuffled_anatomy_match,1,20,abundant_controls,10.0,0.5,macro_f1,0.37921478549639387,0.005309705130421193
multi_label,shuffled_anatomy_match,1,20,abundant_controls,10.0,0.5,accuracy,0.48811110854148865,0.006895157296426464
multi_label,shuffled_anatomy_match,1,20,abundant_controls,10.0,0.5,nll,0.6939196348190307,0.00014388860379999416
multi_label,shuffled_anatomy_match,1,20,abundant_controls,10.0,0.5,calibration_error,0.24079806208610535,0.002368555089862077
multi_label,positive_prototype,3,3,balanced,10.0,0.1,auroc,0.5554989139238994,0.0050529228690734465
multi_label,positive_prototype,3,3,balanced,10.0,0.1,auprc,0.2911874165137609,0.003986981726928879
multi_label,positive_prototype,3,3,balanced,10.0,0.1,macro_f1,0.410408357779185,0.002894024159442271
multi_label,positive_prototype,3,3,balanced,10.0,0.1,accuracy,0.2606000006198883,0.0024019012630695897
multi_label,positive_prototype,3,3,balanced,10.0,0.1,nll,0.7149836897850037,0.00018552961044025518
multi_label,positive_prototype,3,3,balanced,10.0,0.1,calibration_error,0.2613596379756927,0.0023839401090035356
multi_label,global_negative_centroid,3,3,balanced,10.0,0.5,auroc,0.5464695493380228,0.0038108608730962946
multi_label,global_negative_centroid,3,3,balanced,10.0,0.5,auprc,0.29131109217802686,0.004194557031853384
multi_label,global_negative_centroid,3,3,balanced,10.0,0.5,macro_f1,0.41081798473993936,0.004493373988917693
multi_label,global_negative_centroid,3,3,balanced,10.0,0.5,accuracy,0.3093777775764465,0.0034806369955169003
multi_label,global_negative_centroid,3,3,balanced,10.0,0.5,nll,0.7007851243019104,5.1242241723938746e-05
multi_label,global_negative_centroid,3,3,balanced,10.0,0.5,calibration_error,0.24786377549171448,0.002337937818007253
multi_label,random_residual,3,3,balanced,10.0,0.5,auroc,0.5335271378358205,0.001680042061639855
multi_label,random_residual,3,3,balanced,10.0,0.5,auprc,0.28656806647777555,0.0037584361804251817
multi_label,random_residual,3,3,balanced,10.0,0.5,macro_f1,0.4046215832233429,0.0022968652817059723
multi_label,random_residual,3,3,balanced,10.0,0.5,accuracy,0.3358888864517212,0.0016386579667269606
multi_label,random_residual,3,3,balanced,10.0,0.5,nll,0.6993006348609925,5.484685523615377e-05
multi_label,random_residual,3,3,balanced,10.0,0.5,calibration_error,0.24619200825691223,0.002377115404298334
multi_label,metadata_matched_residual,3,3,balanced,10.0,0.5,auroc,0.5349470833937326,0.004333098832995915
multi_label,metadata_matched_residual,3,3,balanced,10.0,0.5,auprc,0.2848782002925873,0.004891577277666173
multi_label,metadata_matched_residual,3,3,balanced,10.0,0.5,macro_f1,0.40578000942866005,0.0031698421952656565
multi_label,metadata_matched_residual,3,3,balanced,10.0,0.5,accuracy,0.3364666700363159,0.002755915648536794
multi_label,metadata_matched_residual,3,3,balanced,10.0,0.5,nll,0.7002678632736206,5.948747204254782e-05
multi_label,metadata_matched_residual,3,3,balanced,10.0,0.5,calibration_error,0.24725614190101625,0.002354519302619817
multi_label,full_embedding_matched_residual,3,3,balanced,10.0,0.5,auroc,0.5415981014569601,0.0030908332987820593
multi_label,full_embedding_matched_residual,3,3,balanced,10.0,0.5,auprc,0.2894676397244136,0.004980435854331574
multi_label,full_embedding_matched_residual,3,3,balanced,10.0,0.5,macro_f1,0.4095806618531545,0.00367784970899112
multi_label,full_embedding_matched_residual,3,3,balanced,10.0,0.5,accuracy,0.2999333322048187,0.0039004600870559845
multi_label,full_embedding_matched_residual,3,3,balanced,10.0,0.5,nll,0.7009036660194397,6.583512312622103e-05
multi_label,full_embedding_matched_residual,3,3,balanced,10.0,0.5,calibration_error,0.24788801074028016,0.0023414250232593925
multi_label,anatomy_matched_residual,3,3,balanced,10.0,0.5,auroc,0.5438829501469931,0.0036079756762502084
multi_label,anatomy_matched_residual,3,3,balanced,10.0,0.5,auprc,0.29060355126857756,0.0044578577693972265
multi_label,anatomy_matched_residual,3,3,balanced,10.0,0.5,macro_f1,0.4099468151728312,0.004167337099472373
multi_label,anatomy_matched_residual,3,3,balanced,10.0,0.5,accuracy,0.3024666726589203,0.00467617984476825
multi_label,anatomy_matched_residual,3,3,balanced,10.0,0.5,nll,0.7011082530021667,6.356139660262907e-05
multi_label,anatomy_matched_residual,3,3,balanced,10.0,0.5,calibration_error,0.2481424629688263,0.0023376851818412846
multi_label,shuffled_anatomy_match,3,3,balanced,10.0,0.5,auroc,0.5461878299713134,0.0036817815293049955
multi_label,shuffled_anatomy_match,3,3,balanced,10.0,0.5,auprc,0.2903792500495911,0.004620932441420067
multi_label,shuffled_anatomy_match,3,3,balanced,10.0,0.5,macro_f1,0.41074073910713194,0.005048992034460001
multi_label,shuffled_anatomy_match,3,3,balanced,10.0,0.5,accuracy,0.31322221755981444,0.003974452139576834
multi_label,shuffled_anatomy_match,3,3,balanced,10.0,0.5,nll,0.7006978034973145,6.086490294878047e-05
multi_label,shuffled_anatomy_match,3,3,balanced,10.0,0.5,calibration_error,0.2477820932865143,0.002322913428884244
multi_label,positive_prototype,3,20,abundant_controls,10.0,0.1,auroc,0.5554989139238994,0.0050529228690734465
multi_label,positive_prototype,3,20,abundant_controls,10.0,0.1,auprc,0.2911874165137609,0.003986981726928879
multi_label,positive_prototype,3,20,abundant_controls,10.0,0.1,macro_f1,0.410408357779185,0.002894024159442271
multi_label,positive_prototype,3,20,abundant_controls,10.0,0.1,accuracy,0.2606000006198883,0.0024019012630695897
multi_label,positive_prototype,3,20,abundant_controls,10.0,0.1,nll,0.7149836897850037,0.00018552961044025518
multi_label,positive_prototype,3,20,abundant_controls,10.0,0.1,calibration_error,0.2613596379756927,0.0023839401090035356
multi_label,global_negative_centroid,3,20,abundant_controls,10.0,0.5,auroc,0.5607028603553772,0.004777052841918618
multi_label,global_negative_centroid,3,20,abundant_controls,10.0,0.5,auprc,0.2982167591651281,0.0018098292869649327
multi_label,global_negative_centroid,3,20,abundant_controls,10.0,0.5,macro_f1,0.3989554742972056,0.004962602263554089
multi_label,global_negative_centroid,3,20,abundant_controls,10.0,0.5,accuracy,0.47695555686950686,0.004666405573301484
multi_label,global_negative_centroid,3,20,abundant_controls,10.0,0.5,nll,0.6942064046859742,6.370302563971928e-05
multi_label,global_negative_centroid,3,20,abundant_controls,10.0,0.5,calibration_error,0.2414771020412445,0.002368020147325228
multi_label,random_residual,3,20,abundant_controls,10.0,0.5,auroc,0.5743251283963521,0.0019461324879035192
multi_label,random_residual,3,20,abundant_controls,10.0,0.5,auprc,0.31082125306129454,0.003376964775514482
multi_label,random_residual,3,20,abundant_controls,10.0,0.5,macro_f1,0.40860852201779685,0.0037588443512751235
multi_label,random_residual,3,20,abundant_controls,10.0,0.5,accuracy,0.4446222186088562,0.003981903137861179
multi_label,random_residual,3,20,abundant_controls,10.0,0.5,nll,0.6953699588775635,6.786107256805904e-05
multi_label,random_residual,3,20,abundant_controls,10.0,0.5,calibration_error,0.24283673167228698,0.0023871932228903044
multi_label,metadata_matched_residual,3,20,abundant_controls,10.0,0.5,auroc,0.5420686562856039,0.004002510055559674
multi_label,metadata_matched_residual,3,20,abundant_controls,10.0,0.5,auprc,0.2875474731127421,0.0029673344235789153
multi_label,metadata_matched_residual,3,20,abundant_controls,10.0,0.5,macro_f1,0.39000611503918964,0.0032370213526538225
multi_label,metadata_matched_residual,3,20,abundant_controls,10.0,0.5,accuracy,0.4603111147880554,0.002976651446838919
multi_label,metadata_matched_residual,3,20,abundant_controls,10.0,0.5,nll,0.6945674300193787,4.018896822223001e-05
multi_label,metadata_matched_residual,3,20,abundant_controls,10.0,0.5,calibration_error,0.24149526953697203,0.0023706865098126833
multi_label,full_embedding_matched_residual,3,20,abundant_controls,10.0,0.5,auroc,0.5524216214815776,0.004621290777862062
multi_label,full_embedding_matched_residual,3,20,abundant_controls,10.0,0.5,auprc,0.2935037076473236,0.0031782783338148556
multi_label,full_embedding_matched_residual,3,20,abundant_controls,10.0,0.5,macro_f1,0.3960892975330353,0.00358420855488392
multi_label,full_embedding_matched_residual,3,20,abundant_controls,10.0,0.5,accuracy,0.46657778024673463,0.003139157021548021
multi_label,full_embedding_matched_residual,3,20,abundant_controls,10.0,0.5,nll,0.6944136500358582,7.119143440263665e-05
multi_label,full_embedding_matched_residual,3,20,abundant_controls,10.0,0.5,calibration_error,0.24146096110343934,0.0023620911612628357
multi_label,anatomy_matched_residual,3,20,abundant_controls,10.0,0.5,auroc,0.5567002495129904,0.0047509063219959465
multi_label,anatomy_matched_residual,3,20,abundant_controls,10.0,0.5,auprc,0.2964662233988444,0.0021300159040797224
multi_label,anatomy_matched_residual,3,20,abundant_controls,10.0,0.5,macro_f1,0.3966498573621114,0.004160147675429764
multi_label,anatomy_matched_residual,3,20,abundant_controls,10.0,0.5,accuracy,0.4729111075401306,0.0034304335355101676
multi_label,anatomy_matched_residual,3,20,abundant_controls,10.0,0.5,nll,0.6943549513816833,7.57462476656721e-05
multi_label,anatomy_matched_residual,3,20,abundant_controls,10.0,0.5,calibration_error,0.24156295657157897,0.0023586720880564263
multi_label,shuffled_anatomy_match,3,20,abundant_controls,10.0,0.5,auroc,0.5602046966552734,0.003676914133335709
multi_label,shuffled_anatomy_match,3,20,abundant_controls,10.0,0.5,auprc,0.29802201489607494,0.0022462900763133564
multi_label,shuffled_anatomy_match,3,20,abundant_controls,10.0,0.5,macro_f1,0.39895126819610593,0.00508822570804886
multi_label,shuffled_anatomy_match,3,20,abundant_controls,10.0,0.5,accuracy,0.4740666627883911,0.004487699906686288
multi_label,shuffled_anatomy_match,3,20,abundant_controls,10.0,0.5,nll,0.6943049192428589,6.0582610739089487e-05
multi_label,shuffled_anatomy_match,3,20,abundant_controls,10.0,0.5,calibration_error,0.24157282710075378,0.0023669580611214917
multi_label,positive_prototype,5,5,balanced,10.0,0.1,auroc,0.5646646618843079,0.0033680589826838294
multi_label,positive_prototype,5,5,balanced,10.0,0.1,auprc,0.2989961524804433,0.0041349497555382775
multi_label,positive_prototype,5,5,balanced,10.0,0.1,macro_f1,0.410408357779185,0.002894024159442271
multi_label,positive_prototype,5,5,balanced,10.0,0.1,accuracy,0.2606000006198883,0.0024019012630695897
multi_label,positive_prototype,5,5,balanced,10.0,0.1,nll,0.715271258354187,0.00019148753342174165
multi_label,positive_prototype,5,5,balanced,10.0,0.1,calibration_error,0.26164814829826355,0.00238483012636422
multi_label,global_negative_centroid,5,5,balanced,10.0,0.5,auroc,0.562676485379537,0.005471799094917256
multi_label,global_negative_centroid,5,5,balanced,10.0,0.5,auprc,0.30195502837498983,0.0026081244910239458
multi_label,global_negative_centroid,5,5,balanced,10.0,0.5,macro_f1,0.41584768692652385,0.004858316641473381
multi_label,global_negative_centroid,5,5,balanced,10.0,0.5,accuracy,0.3499333322048187,0.004015865261312976
multi_label,global_negative_centroid,5,5,balanced,10.0,0.5,nll,0.6989469051361084,9.441558608538131e-05
multi_label,global_negative_centroid,5,5,balanced,10.0,0.5,calibration_error,0.24632574915885924,0.002340536866824295
multi_label,random_residual,5,5,balanced,10.0,0.5,auroc,0.5438217560450236,0.006738351145733574
multi_label,random_residual,5,5,balanced,10.0,0.5,auprc,0.2914509693781535,0.005834471581415288
multi_label,random_residual,5,5,balanced,10.0,0.5,macro_f1,0.4054504414399465,0.0023309287852242492
multi_label,random_residual,5,5,balanced,10.0,0.5,accuracy,0.3756666660308838,0.005306067673509512
multi_label,random_residual,5,5,balanced,10.0,0.5,nll,0.697598659992218,0.00013955865690747196
multi_label,random_residual,5,5,balanced,10.0,0.5,calibration_error,0.24466075301170348,0.0023794727142119236
multi_label,metadata_matched_residual,5,5,balanced,10.0,0.5,auroc,0.544045337041219,0.005241186398273496
multi_label,metadata_matched_residual,5,5,balanced,10.0,0.5,auprc,0.2902743558088938,0.007056363187230215
multi_label,metadata_matched_residual,5,5,balanced,10.0,0.5,macro_f1,0.40784541567166643,0.005030881722616936
multi_label,metadata_matched_residual,5,5,balanced,10.0,0.5,accuracy,0.35580000281333923,0.003416915416801445
multi_label,metadata_matched_residual,5,5,balanced,10.0,0.5,nll,0.6988951325416565,0.0001293495611145082
multi_label,metadata_matched_residual,5,5,balanced,10.0,0.5,calibration_error,0.2460298240184784,0.0023745022043178453
multi_label,full_embedding_matched_residual,5,5,balanced,10.0,0.5,auroc,0.5546173214912414,0.00488090088025393
multi_label,full_embedding_matched_residual,5,5,balanced,10.0,0.5,auprc,0.2974611173073451,0.0033208727330787903
multi_label,full_embedding_matched_residual,5,5,balanced,10.0,0.5,macro_f1,0.4125949223836263,0.004819194932466666
multi_label,full_embedding_matched_residual,5,5,balanced,10.0,0.5,accuracy,0.33093332648277285,0.005311651898041332
multi_label,full_embedding_matched_residual,5,5,balanced,10.0,0.5,nll,0.6992245435714721,0.00013426854431541048
multi_label,full_embedding_matched_residual,5,5,balanced,10.0,0.5,calibration_error,0.24641596674919128,0.002342858696901588
multi_label,anatomy_matched_residual,5,5,balanced,10.0,0.5,auroc,0.5579474171002706,0.004796743855542716
multi_label,anatomy_matched_residual,5,5,balanced,10.0,0.5,auprc,0.3000570515791575,0.0027723550632891454
multi_label,anatomy_matched_residual,5,5,balanced,10.0,0.5,macro_f1,0.41299779613812765,0.005800942092322566
multi_label,anatomy_matched_residual,5,5,balanced,10.0,0.5,accuracy,0.3374222218990326,0.005917861053602773
multi_label,anatomy_matched_residual,5,5,balanced,10.0,0.5,nll,0.699386990070343,0.00012907503562294267
multi_label,anatomy_matched_residual,5,5,balanced,10.0,0.5,calibration_error,0.24668548703193666,0.0023357784875045716
multi_label,shuffled_anatomy_match,5,5,balanced,10.0,0.5,auroc,0.5620591163635253,0.005714625910554553
multi_label,shuffled_anatomy_match,5,5,balanced,10.0,0.5,auprc,0.30086189409097036,0.003506512709468389
multi_label,shuffled_anatomy_match,5,5,balanced,10.0,0.5,macro_f1,0.41482293009758,0.005237925214603256
multi_label,shuffled_anatomy_match,5,5,balanced,10.0,0.5,accuracy,0.34897778034210203,0.0047201986461060585
multi_label,shuffled_anatomy_match,5,5,balanced,10.0,0.5,nll,0.6990013599395752,0.00011097533649720923
multi_label,shuffled_anatomy_match,5,5,balanced,10.0,0.5,calibration_error,0.2463834822177887,0.002344510962751949
multi_label,positive_prototype,5,20,abundant_controls,10.0,0.1,auroc,0.5646646618843079,0.0033680589826838294
multi_label,positive_prototype,5,20,abundant_controls,10.0,0.1,auprc,0.2989961524804433,0.0041349497555382775
multi_label,positive_prototype,5,20,abundant_controls,10.0,0.1,macro_f1,0.410408357779185,0.002894024159442271
multi_label,positive_prototype,5,20,abundant_controls,10.0,0.1,accuracy,0.2606000006198883,0.0024019012630695897
multi_label,positive_prototype,5,20,abundant_controls,10.0,0.1,nll,0.715271258354187,0.00019148753342174165
multi_label,positive_prototype,5,20,abundant_controls,10.0,0.1,calibration_error,0.26164814829826355,0.00238483012636422
multi_label,global_negative_centroid,5,20,abundant_controls,10.0,0.5,auroc,0.5756183544794718,0.0023541155144310073
multi_label,global_negative_centroid,5,20,abundant_controls,10.0,0.5,auprc,0.30876382887363435,0.003601092806864995
multi_label,global_negative_centroid,5,20,abundant_controls,10.0,0.5,macro_f1,0.4112293481826782,0.005408794707795703
multi_label,global_negative_centroid,5,20,abundant_controls,10.0,0.5,accuracy,0.4722444415092468,0.003434940959956922
multi_label,global_negative_centroid,5,20,abundant_controls,10.0,0.5,nll,0.6943761110305786,8.966286119866071e-05
multi_label,global_negative_centroid,5,20,abundant_controls,10.0,0.5,calibration_error,0.24195504784584046,0.002392441465646353
multi_label,random_residual,5,20,abundant_controls,10.0,0.5,auroc,0.5669025162855784,0.0052617597440100155
multi_label,random_residual,5,20,abundant_controls,10.0,0.5,auprc,0.3076189508040746,0.004930360210715233
multi_label,random_residual,5,20,abundant_controls,10.0,0.5,macro_f1,0.41310028433799745,0.003521120065881517
multi_label,random_residual,5,20,abundant_controls,10.0,0.5,accuracy,0.41151111721992495,0.007360473777525214
multi_label,random_residual,5,20,abundant_controls,10.0,0.5,nll,0.6963345050811768,0.00013790976688753855
multi_label,random_residual,5,20,abundant_controls,10.0,0.5,calibration_error,0.24381770491600036,0.0023762804676137395
multi_label,metadata_matched_residual,5,20,abundant_controls,10.0,0.5,auroc,0.553325625260671,0.0026014141216465733
multi_label,metadata_matched_residual,5,20,abundant_controls,10.0,0.5,auprc,0.2947313199440638,0.0049062311339034825
multi_label,metadata_matched_residual,5,20,abundant_controls,10.0,0.5,macro_f1,0.40214898784955344,0.004261684492558452
multi_label,metadata_matched_residual,5,20,abundant_controls,10.0,0.5,accuracy,0.45344444513320925,0.004802905733501007
multi_label,metadata_matched_residual,5,20,abundant_controls,10.0,0.5,nll,0.6948451519012451,8.742826484596182e-05
multi_label,metadata_matched_residual,5,20,abundant_controls,10.0,0.5,calibration_error,0.24198730587959288,0.0023818354986553224
multi_label,full_embedding_matched_residual,5,20,abundant_controls,10.0,0.5,auroc,0.5656723618507385,0.003728666185323384
multi_label,full_embedding_matched_residual,5,20,abundant_controls,10.0,0.5,auprc,0.3023481706778208,0.005107577238696985
multi_label,full_embedding_matched_residual,5,20,abundant_controls,10.0,0.5,macro_f1,0.407615735133489,0.006844154821934693
multi_label,full_embedding_matched_residual,5,20,abundant_controls,10.0,0.5,accuracy,0.4589999973773956,0.004132075082595646
multi_label,full_embedding_matched_residual,5,20,abundant_controls,10.0,0.5,nll,0.6946478009223938,9.396011432595311e-05
multi_label,full_embedding_matched_residual,5,20,abundant_controls,10.0,0.5,calibration_error,0.24193963408470154,0.002387547472085464
multi_label,anatomy_matched_residual,5,20,abundant_controls,10.0,0.5,auroc,0.5703283071517944,0.0026597943542511415
multi_label,anatomy_matched_residual,5,20,abundant_controls,10.0,0.5,auprc,0.3057268798351288,0.004462247521898047
multi_label,anatomy_matched_residual,5,20,abundant_controls,10.0,0.5,macro_f1,0.40954588651657103,0.006181623484642107
multi_label,anatomy_matched_residual,5,20,abundant_controls,10.0,0.5,accuracy,0.46691110730171204,0.002872171660986317
multi_label,anatomy_matched_residual,5,20,abundant_controls,10.0,0.5,nll,0.6945757508277893,9.188052222127075e-05
multi_label,anatomy_matched_residual,5,20,abundant_controls,10.0,0.5,calibration_error,0.24206883311271668,0.0023878934698340648
multi_label,shuffled_anatomy_match,5,20,abundant_controls,10.0,0.5,auroc,0.5752351880073547,0.0027752961165568735
multi_label,shuffled_anatomy_match,5,20,abundant_controls,10.0,0.5,auprc,0.30846240719159446,0.003895092998407878
multi_label,shuffled_anatomy_match,5,20,abundant_controls,10.0,0.5,macro_f1,0.41119799415270486,0.005184336140287592
multi_label,shuffled_anatomy_match,5,20,abundant_controls,10.0,0.5,accuracy,0.4693333327770233,0.00397756610183339
multi_label,shuffled_anatomy_match,5,20,abundant_controls,10.0,0.5,nll,0.694489848613739,0.00010202047903031211
multi_label,shuffled_anatomy_match,5,20,abundant_controls,10.0,0.5,calibration_error,0.2420658528804779,0.002392528471853989
